{"cameraMode":{"drawMode":0,"name":"Shaded","section":"Shading Mode"},"sceneLighting":true,"audioPlay":false,"sceneViewState":{"showFog":true,"showMaterialUpdate":false,"showSkybox":false,"showFlares":true,"showImageEffects":true,"showParticleSystems":true},"in2DMode":false,"pivot":{"x":1622.6624755859375,"y":975.99755859375,"z":0.0},"rotation":{"x":-0.02130807936191559,"y":-0.0024020203854888679,"z":0.00005110821075504646,"w":-0.9997708201408386},"size":1192.3101806640625,"orthographic":false}