{"cameraMode":{"drawMode":0,"name":"Shaded","section":"Shading Mode"},"sceneLighting":true,"audioPlay":false,"sceneViewState":{"showFog":true,"showMaterialUpdate":false,"showSkybox":false,"showFlares":true,"showImageEffects":true,"showParticleSystems":true},"in2DMode":false,"pivot":{"x":781.36376953125,"y":532.3412475585938,"z":0.0},"rotation":{"x":-0.02130807936191559,"y":-0.0024020203854888679,"z":0.00005110821075504646,"w":-0.9997708201408386},"size":1418.9967041015625,"orthographic":false}