{"cameraMode":{"drawMode":0,"name":"Shaded","section":"Shading Mode"},"sceneLighting":true,"audioPlay":false,"sceneViewState":{"showFog":true,"showMaterialUpdate":false,"showSkybox":false,"showFlares":true,"showImageEffects":true,"showParticleSystems":true},"in2DMode":false,"pivot":{"x":1502.973388671875,"y":577.2825927734375,"z":-14.5762939453125},"rotation":{"x":-0.02130807936191559,"y":-0.0024020203854888679,"z":0.00005110821075504646,"w":-0.9997708201408386},"size":1005.9414672851563,"orthographic":false}