{"cameraMode":{"drawMode":0,"name":"Shaded","section":"Shading Mode"},"sceneLighting":true,"audioPlay":false,"sceneViewState":{"showFog":true,"showMaterialUpdate":false,"showSkybox":false,"showFlares":true,"showImageEffects":true,"showParticleSystems":true},"in2DMode":false,"pivot":{"x":-0.19455647468566895,"y":0.2639322280883789,"z":0.3781372904777527},"rotation":{"x":0.016124900430440904,"y":-0.8915013670921326,"z":-0.031831491738557819,"w":-0.4516121745109558},"size":0.6071509122848511,"orthographic":false}