{"cameraMode":{"drawMode":0,"name":"Shaded","section":"Shading Mode"},"sceneLighting":true,"audioPlay":false,"sceneViewState":{"showFog":true,"showMaterialUpdate":false,"showSkybox":false,"showFlares":true,"showImageEffects":true,"showParticleSystems":true},"in2DMode":false,"pivot":{"x":869.0712280273438,"y":470.56219482421877,"z":-3.5257568359375},"rotation":{"x":-0.02130807936191559,"y":-0.0024020203854888679,"z":0.00005110821075504646,"w":-0.9997708201408386},"size":953.3607788085938,"orthographic":false}