{"cameraMode":{"drawMode":0,"name":"Shaded","section":"Shading Mode"},"sceneLighting":true,"audioPlay":false,"sceneViewState":{"showFog":true,"showMaterialUpdate":false,"showSkybox":false,"showFlares":true,"showImageEffects":true,"showParticleSystems":true},"in2DMode":false,"pivot":{"x":0.4921001195907593,"y":0.42598438262939455,"z":-0.2342563271522522},"rotation":{"x":0.016124900430440904,"y":-0.8915013670921326,"z":-0.031831491738557819,"w":-0.4516121745109558},"size":1.1467294692993165,"orthographic":false}